Workbook

Sheet Axis_Bank
A1: Date | B1: Close | C1: Daily_return | D1: CAGR | E1: Beta | G1: Standev | H1: RF 364D BOND | I1: SHARPE | J1: TREYNOR | K1: PEAK | L1: DRAWDOWN | M1: MAX DRAWDOWN | N1: CALMAR | O1: JENSENS ALPHA
A2: 45000 | B2: 821.87274 | C2: =(B3-B2)/B2 -> 0.0078878247 | D2: =((B740/B2)^(1/3)-1) -> 0.14523736 | E2: =SLOPE(C2:C739,Nifty_50!C2:C739) -> 0.94883537 | G2: =_xlfn.STDEV.S(C2:C740) -> 0.014043831 | H2: 0.0648 | I2: =(D2-H2)/G2 -> 5.7275938 | J2: =(D2-H2)/E2 -> 0.084774829 | K2: =MAX(B2:B741) -> 1403 | L2: =B2/K2-1 -> -0.41420332 | M2: =MIN(L2:L740) -> -0.41420332 | N2: =D2/M2 -> -0.35064267 | O2: =(D2-(H2+E2*(Nifty_50!D2-Larsen_and_Toubro!H2))) -> 0.038466435
A3: 45001 | B3: 828.35553 | C3: =(B4-B3)/B3 -> 0.0082476304 | K3: =MAX(B3:B742) -> 1403 | L3: =B3/K3-1 -> -0.40958266
A4: 45002 | B4: 835.1875 | C4: =(B5-B4)/B4 -> 0.00017904498 | K4: =MAX(B4:B743) -> 1403 | L4: =B4/K4-1 -> -0.40471311
A5: 45005 | B5: 835.33704 | C5: =(B6-B5)/B5 -> 0.021550965 | K5: =MAX(B5:B744) -> 1403 | L5: =B5/K5-1 -> -0.40460653
A6: 45006 | B6: 853.33936 | C6: =(B7-B6)/B6 -> -0.0069541679 | K6: =MAX(B6:B745) -> 1403 | L6: =B6/K6-1 -> -0.39177523
A7: 45007 | B7: 847.40509 | C7: =(B8-B7)/B7 -> -0.0010004404 | K7: =MAX(B7:B746) -> 1403 | L7: =B7/K7-1 -> -0.39600492
A8: 45008 | B8: 846.55731 | C8: =(B9-B8)/B8 -> -0.010485296 | K8: =MAX(B8:B747) -> 1403 | L8: =B8/K8-1 -> -0.39660919
A9: 45009 | B9: 837.68091 | C9: =(B10-B9)/B9 -> -0.0077986448 | K9: =MAX(B9:B748) -> 1403 | L9: =B9/K9-1 -> -0.40293592
A10: 45012 | B10: 831.14813 | C10: =(B11-B10)/B10 -> -0.0010799315 | K10: =MAX(B10:B749) -> 1403 | L10: =B10/K10-1 -> -0.40759221
A11: 45013 | B11: 830.25055 | C11: =(B12-B11)/B11 -> 0.012192908 | K11: =MAX(B11:B750) -> 1403 | L11: =B11/K11-1 -> -0.40823197
A12: 45014 | B12: 840.37372 | C12: =(B13-B12)/B12 -> 0.018870142 | K12: =MAX(B12:B751) -> 1403 | L12: =B12/K12-1 -> -0.40101659
A13: 45016 | B13: 856.23169 | C13: =(B14-B13)/B13 -> 0.0071053926 | K13: =MAX(B13:B752) -> 1403 | L13: =B13/K13-1 -> -0.38971369
A14: 45019 | B14: 862.31555 | C14: =(B15-B14)/B14 -> -0.0047420127 | K14: =MAX(B14:B753) -> 1403 | L14: =B14/K14-1 -> -0.38537737
... A740: 46093 | B740: 1234.5 | C740: =(B741-B740)/B740 -> -0.030133618 | K740: =MAX(B740:B1479) -> 1234.5 | L740: =B740/K740-1 -> 0
A741: 46094 | B741: 1197.3 | C741: - | D741: - | E741: - | F741: - | G741: - | H741: - | I741: - | J741: - | K741: - | L741: - | M741: -

Sheet Power_Grid
A1: Date | B1: Close | C1: Daily_return | D1: CAGR | E1: Beta | G1: Standev | H1: RF 364D BOND | I1: SHARPE | J1: TREYNOR | K1: PEAK | L1: DRAWDOWN | M1: MAX DRAWDOWN | N1: CALMAR | O1: JENSENS ALPHA
A2: 45000 | B2: 151.64122 | C2: =(B3-B2)/B2 -> 0.016863624 | D2: =((B740/B2)^(1/3)-1) -> 0.26036065 | E2: =SLOPE(C2:C739,Nifty_50!C2:C739) -> 1.0283187 | G2: =_xlfn.STDEV.S(C2:C740) -> 0.016376486 | H2: 0.0648 | I2: =(D2-H2)/G2 -> 11.941552 | J2: =(D2-H2)/E2 -> 0.19017513 | K2: =MAX(B2:B741) -> 344.84323 | L2: =B2/K2-1 -> -0.56026041 | M2: =MIN(L2:L740) -> -0.57605491 | N2: =D2/M2 -> -0.45197193 | O2: =(D2-(H2+E2*(Nifty_50!D2-Larsen_and_Toubro!H2))) -> 0.15007385
A3: 45001 | B3: 154.19844 | C3: =(B4-B3)/B3 -> -0.010553509 | K3: =MAX(B3:B742) -> 344.84323 | L3: =B3/K3-1 -> -0.55284481
A4: 45002 | B4: 152.57111 | C4: =(B5-B4)/B4 -> -0.0095777536 | K4: =MAX(B4:B743) -> 344.84323 | L4: =B4/K4-1 -> -0.55756387
A5: 45005 | B5: 151.10982 | C5: =(B6-B5)/B5 -> -0.019120616 | K5: =MAX(B5:B744) -> 344.84323 | L5: =B5/K5-1 -> -0.56180141
A6: 45006 | B6: 148.2205 | C6: =(B7-B6)/B6 -> 0.0042570456 | K6: =MAX(B6:B745) -> 344.84323 | L6: =B6/K6-1 -> -0.57018004
A7: 45007 | B7: 148.85149 | C7: =(B8-B7)/B7 -> -0.0087015746 | K7: =MAX(B7:B746) -> 344.84323 | L7: =B7/K7-1 -> -0.56835027
A8: 45008 | B8: 147.55624 | C8: =(B9-B8)/B8 -> 0.0011256177 | K8: =MAX(B8:B747) -> 344.84323 | L8: =B8/K8-1 -> -0.57210631
A9: 45009 | B9: 147.72234 | C9: =(B10-B9)/B9 -> -0.010341973 | K9: =MAX(B9:B748) -> 344.84323 | L9: =B9/K9-1 -> -0.57162466
A10: 45012 | B10: 146.1946 | C10: =(B11-B10)/B10 -> 0.0090867256 | K10: =MAX(B10:B749) -> 344.84323 | L10: =B10/K10-1 -> -0.57605491
A11: 45013 | B11: 147.52303 | C11: =(B12-B11)/B11 -> 0.0015760127 | K11: =MAX(B11:B750) -> 344.84323 | L11: =B11/K11-1 -> -0.57220264
A12: 45014 | B12: 147.75552 | C12: =(B13-B12)/B12 -> 0.014609886 | K12: =MAX(B12:B751) -> 344.84323 | L12: =B12/K12-1 -> -0.57152842
A13: 45016 | B13: 149.91422 | C13: =(B14-B13)/B13 -> -0.0048735961 | K13: =MAX(B13:B752) -> 344.84323 | L13: =B13/K13-1 -> -0.5652685
A14: 45019 | B14: 149.18359 | C14: =(B15-B14)/B14 -> 0.0046750011 | K14: =MAX(B14:B753) -> 344.84323 | L14: =B14/K14-1 -> -0.56738721
... A740: 46093 | B740: 303.60001 | C740: =(B741-B740)/B740 -> -0.00872857 | K740: =MAX(B740:B1479) -> 303.60001 | L740: =B740/K740-1 -> 0
A741: 46094 | B741: 300.95001 | C741: - | D741: - | E741: - | F741: - | G741: - | H741: - | I741: - | J741: - | K741: - | L741: - | M741: -

Sheet Coal_India
A1: Date | B1: Close | C1: Daily_return | D1: CAGR | E1: Beta | G1: Standev | H1: RF 364D BOND | I1: SHARPE | J1: TREYNOR | K1: PEAK | L1: DRAWDOWN | M1: MAX DRAWDOWN | N1: CALMAR | O1: JENSENS ALPHA
A2: 45000 | B2: 179.60864 | C2: =(B3-B2)/B2 -> 0.0043202554 | D2: =((B740/B2)^(1/3)-1) -> 0.37812203 | E2: =SLOPE(C2:C739,Nifty_50!C2:C739) -> 1.0656005 | G2: =_xlfn.STDEV.S(C2:C740) -> 0.017107831 | H2: 0.0648 | I2: =(D2-H2)/G2 -> 18.314539 | J2: =(D2-H2)/E2 -> 0.29403331 | K2: =MAX(B2:B741) -> 478.50546 | L2: =B2/K2-1 -> -0.62464662 | M2: =MIN(L2:L740) -> -0.64427625 | N2: =D2/M2 -> -0.58689426 | O2: =(D2-(H2+E2*(Nifty_50!D2-Larsen_and_Toubro!H2))) -> 0.26618611
A3: 45001 | B3: 180.3846 | C3: =(B4-B3)/B3 -> 0.0036223263 | K3: =MAX(B3:B742) -> 478.50546 | L3: =B3/K3-1 -> -0.623025
A4: 45002 | B4: 181.03801 | C4: =(B5-B4)/B4 -> -0.020753496 | K4: =MAX(B4:B743) -> 478.50546 | L4: =B4/K4-1 -> -0.62165947
A5: 45005 | B5: 177.28084 | C5: =(B6-B5)/B5 -> 0 | K5: =MAX(B5:B744) -> 478.50546 | L5: =B5/K5-1 -> -0.62951136
A6: 45006 | B6: 177.28084 | C6: =(B7-B6)/B6 -> -0.014282238 | K6: =MAX(B6:B745) -> 478.50546 | L6: =B6/K6-1 -> -0.62951136
A7: 45007 | B7: 174.74887 | C7: =(B8-B7)/B7 -> -0.0028044919 | K7: =MAX(B7:B746) -> 478.50546 | L7: =B7/K7-1 -> -0.63480277
A8: 45008 | B8: 174.25879 | C8: =(B9-B8)/B8 -> -0.022967063 | K8: =MAX(B8:B747) -> 478.50546 | L8: =B8/K8-1 -> -0.63582696
A9: 45009 | B9: 170.25658 | C9: =(B10-B9)/B9 -> -0.0002397397 | K9: =MAX(B9:B748) -> 478.50546 | L9: =B9/K9-1 -> -0.64419094
A10: 45012 | B10: 170.21576 | C10: =(B11-B10)/B10 -> 0.0023993166 | K10: =MAX(B10:B749) -> 478.50546 | L10: =B10/K10-1 -> -0.64427625
A11: 45013 | B11: 170.62416 | C11: =(B12-B11)/B11 -> 0.019387097 | K11: =MAX(B11:B750) -> 478.50546 | L11: =B11/K11-1 -> -0.64342275
A12: 45014 | B12: 173.93207 | C12: =(B13-B12)/B12 -> 0.0032872724 | K12: =MAX(B12:B751) -> 478.50546 | L12: =B12/K12-1 -> -0.63650975
A13: 45016 | B13: 174.50383 | C13: =(B14-B13)/B13 -> 0.030423521 | K13: =MAX(B13:B752) -> 478.50546 | L13: =B13/K13-1 -> -0.63531486
A14: 45019 | B14: 179.81285 | C14: =(B15-B14)/B14 -> 0.010674619 | K14: =MAX(B14:B753) -> 478.50546 | L14: =B14/K14-1 -> -0.62421986
... A740: 46093 | B740: 470.10001 | C740: =(B741-B740)/B740 -> -0.0065943545 | K740: =MAX(B740:B1479) -> 470.10001 | L740: =B740/K740-1 -> 0
A741: 46094 | B741: 467 | C741: - | D741: - | E741: - | F741: - | G741: - | H741: - | I741: - | J741: - | K741: - | L741: - | M741: -

Sheet Google_Alphabet
A1: Date | B1: Close | C1: Daily_return | D1: CAGR | E1: Beta | G1: Standev | H1: RF 364D BOND | I1: SHARPE | J1: TREYNOR | K1: PEAK | L1: DRAWDOWN | M1: MAX DRAWDOWN | N1: CALMAR | O1: JENSENS ALPHA
A2: 45000 | B2: 95.763779 | C2: =(B3-B2)/B2 -> 0.046815196 | D2: =((B740/B2)^(1/3)-1) -> 0.48040494 | E2: =SLOPE(C2:C739,Nifty_50!C2:C739) -> 0.02612556 | G2: =_xlfn.STDEV.S(C2:C740) -> 0.018233411 | H2: 0.0648 | I2: =(D2-H2)/G2 -> 22.793593 | J2: =(D2-H2)/E2 -> 15.907982 | K2: =MAX(B2:B741) -> 344.6572 | L2: =B2/K2-1 -> -0.72214775 | M2: =MIN(L2:L740) -> -0.72214775 | N2: =D2/M2 -> -0.66524467 | O2: =(D2-(H2+E2*(Nifty_50!D2-Larsen_and_Toubro!H2))) -> 0.4144493
A3: 45001 | B3: 100.24698 | C3: =(B4-B3)/B3 -> 0.013752883 | K3: =MAX(B3:B742) -> 344.6572 | L3: =B3/K3-1 -> -0.70914004
A4: 45002 | B4: 101.62566 | C4: =(B5-B4)/B4 -> -0.0051727895 | K4: =MAX(B4:B743) -> 344.6572 | L4: =B4/K4-1 -> -0.70513988
A5: 45005 | B5: 101.09998 | C5: =(B6-B5)/B5 -> 0.038359639 | K5: =MAX(B5:B744) -> 344.6572 | L5: =B5/K5-1 -> -0.70666512
A6: 45006 | B6: 104.97813 | C6: =(B7-B6)/B6 -> -0.015306082 | K6: =MAX(B6:B745) -> 344.6572 | L6: =B6/K6-1 -> -0.6954129
A7: 45007 | B7: 103.37133 | C7: =(B8-B7)/B7 -> 0.019574013 | K7: =MAX(B7:B746) -> 344.6572 | L7: =B7/K7-1 -> -0.70007494
A8: 45008 | B8: 105.39472 | C8: =(B9-B8)/B8 -> -0.0018822529 | K8: =MAX(B8:B747) -> 344.6572 | L8: =B8/K8-1 -> -0.6942042
A9: 45009 | B9: 105.19634 | C9: =(B10-B9)/B9 -> -0.028285876 | K9: =MAX(B9:B748) -> 344.6572 | L9: =B9/K9-1 -> -0.69477979
A10: 45012 | B10: 102.22077 | C10: =(B11-B10)/B10 -> -0.01649525 | K10: =MAX(B10:B749) -> 344.6572 | L10: =B10/K10-1 -> -0.70341321
A11: 45013 | B11: 100.53461 | C11: =(B12-B11)/B11 -> 0.0053276577 | K11: =MAX(B11:B750) -> 344.6572 | L11: =B11/K11-1 -> -0.70830548
A12: 45014 | B12: 101.07023 | C12: =(B13-B12)/B12 -> -0.0056919518 | K12: =MAX(B12:B751) -> 344.6572 | L12: =B12/K12-1 -> -0.70675143
A13: 45015 | B13: 100.49494 | C13: =(B14-B13)/B13 -> 0.026450886 | K13: =MAX(B13:B752) -> 344.6572 | L13: =B13/K13-1 -> -0.70842059
A14: 45016 | B14: 103.15312 | C14: =(B15-B14)/B14 -> 0.0087499813 | K14: =MAX(B14:B753) -> 344.6572 | L14: =B14/K14-1 -> -0.70070806
... A740: 46077 | B740: 310.70114 | C740: =(B741-B740)/B740 -> 0.0067862319 | K740: =MAX(B740:B1479) -> 312.80963 | L740: =B740/K740-1 -> -0.0067404894
A741: 46078 | B741: 312.80963 | C741: =(B742-B741)/B741 -> -0.018784123 | D741: =(C742-C741)/C741 -> -1.7418248 | E741: =(D742-D741)/D741 -> -1 | F741: =(E742-E741)/E741 -> -1 | G741: =(F742-F741)/F741 -> -1 | H741: =(G742-G741)/G741 -> -1 | I741: =(H742-H741)/H741 -> -1 | J741: =(I742-I741)/I741 -> -1 | ... L741: =(K742-K741)/K741 -> -1 | M741: -
A742: 46079 | B742: 306.93378 | C742: =(B743-B742)/B742 -> 0.013934529
A743: 46080 | B743: 311.21075 | C743: =(B744-B743)/B743 -> -0.016279761
A744: 46083 | B744: 306.14432 | C744: =(B745-B744)/B744 -> -0.0091395937
A745: 46084 | B745: 303.34628 | C745: =(B746-B745)/B745 -> -0.00036227178
A746: 46085 | B746: 303.23639 | C746: =(B747-B746)/B746 -> -0.0083704945
A747: 46086 | B747: 300.69815 | C747: =(B748-B747)/B747 -> -0.0086736626
A748: 46087 | B748: 298.09 | C748: =(B749-B748)/B748 -> 0.026569202
A749: 46090 | B749: 306.01001 | C749: =(B750-B749)/B749 -> 0.0030063818
A750: 46091 | B750: 306.92999 | C750: =(B751-B750)/B750 -> 0.0048545948
A751: 46092 | B751: 308.42001 | C751: =(B752-B751)/B751 -> -0.01689262
A752: 46093 | B752: 303.20999 | C752: =(B753-B752)/B752 -> -0.0057715776
A753: 46094 | B753: 301.45999 | C753: =(B754-B753)/B753 -> -1
C754: -

Sheet Cipla
A1: Date | B1: Close | C1: Daily_return | D1: CAGR | E1: Beta | G1: Standev | H1: RF 364D BOND | I1: SHARPE | J1: TREYNOR | K1: PEAK | L1: DRAWDOWN | M1: MAX DRAWDOWN | N1: CALMAR | O1: JENSENS ALPHA
A2: 45000 | B2: 854.43732 | C2: =(B3-B2)/B2 -> 0.0062645451 | D2: =((B740/B2)^(1/3)-1) -> 0.15727187 | E2: =SLOPE(C2:C739,Nifty_50!C2:C739) -> 0.46406042 | G2: =_xlfn.STDEV.S(C2:C740) -> 0.014219372 | H2: 0.0648 | I2: =(D2-H2)/G2 -> 6.5032314 | J2: =(D2-H2)/E2 -> 0.19926687 | K2: =MAX(B2:B741) -> 1663.6 | L2: =B2/K2-1 -> -0.48639256 | M2: =MIN(L2:L740) -> -0.49551874 | N2: =D2/M2 -> -0.31738833 | O2: =(D2-(H2+E2*(Nifty_50!D2-Larsen_and_Toubro!H2))) -> 0.071944552
A3: 45001 | B3: 859.78998 | C3: =(B4-B3)/B3 -> -0.010640104 | K3: =MAX(B3:B742) -> 1663.6 | L3: =B3/K3-1 -> -0.48317505
A4: 45002 | B4: 850.64172 | C4: =(B5-B4)/B4 -> -0.0084091069 | K4: =MAX(B4:B743) -> 1663.6 | L4: =B4/K4-1 -> -0.48867412
A5: 45005 | B5: 843.48859 | C5: =(B6-B5)/B5 -> -0.0050191332 | K5: =MAX(B5:B744) -> 1663.6 | L5: =B5/K5-1 -> -0.49297391
A6: 45006 | B6: 839.255 | C6: =(B7-B6)/B6 -> 0.0012177141 | K6: =MAX(B6:B745) -> 1663.6 | L6: =B6/K6-1 -> -0.49551874
A7: 45007 | B7: 840.27698 | C7: =(B8-B7)/B7 -> 0.0066016818 | K7: =MAX(B7:B746) -> 1663.6 | L7: =B7/K7-1 -> -0.49490443
A8: 45008 | B8: 845.82422 | C8: =(B9-B8)/B8 -> 0.0093775545 | K8: =MAX(B8:B747) -> 1663.6 | L8: =B8/K8-1 -> -0.49156995
A9: 45009 | B9: 853.75598 | C9: =(B10-B9)/B9 -> 0.01373612 | K9: =MAX(B9:B748) -> 1663.6 | L9: =B9/K9-1 -> -0.48680212
A10: 45012 | B10: 865.48328 | C10: =(B11-B10)/B10 -> 0.0002249635 | K10: =MAX(B10:B749) -> 1663.6 | L10: =B10/K10-1 -> -0.47975277
A11: 45013 | B11: 865.67798 | C11: =(B12-B11)/B11 -> -0.0020236521 | K11: =MAX(B11:B750) -> 1663.6 | L11: =B11/K11-1 -> -0.47963574
A12: 45014 | B12: 863.92615 | C12: =(B13-B12)/B12 -> 0.014419305 | K12: =MAX(B12:B751) -> 1663.6 | L12: =B12/K12-1 -> -0.48068877
A13: 45016 | B13: 876.38336 | C13: =(B14-B13)/B13 -> -0.010050029 | K13: =MAX(B13:B752) -> 1663.6 | L13: =B13/K13-1 -> -0.47320066
A14: 45019 | B14: 867.57568 | C14: =(B15-B14)/B14 -> 0.0048236431 | K14: =MAX(B14:B753) -> 1663.6 | L14: =B14/K14-1 -> -0.47849501
... A740: 46093 | B740: 1324.3 | C740: =(B741-B740)/B740 -> -0.0072491862 | K740: =MAX(B740:B1479) -> 1324.3 | L740: =B740/K740-1 -> 0
A741: 46094 | B741: 1314.7 | C741: - | D741: - | E741: - | F741: - | G741: - | H741: - | I741: - | J741: - | K741: - | L741: - | M741: -

Sheet Shriram_Finance
A1: Date | B1: Close | C1: Daily_return | D1: CAGR | E1: Beta | G1: Standev | H1: RF 364D BOND | I1: SHARPE | J1: TREYNOR | K1: PEAK | L1: DRAWDOWN | M1: MAX DRAWDOWN | N1: CALMAR | O1: JENSENS ALPHA
A2: 45000 | B2: 232.53374 | C2: =(B3-B2)/B2 -> 0.016794701 | D2: =((B740/B2)^(1/3)-1) -> 0.64319516 | E2: =SLOPE(C2:C739,Nifty_50!C2:C739) -> 1.2854917 | G2: =_xlfn.STDEV.S(C2:C740) -> 0.02128109 | H2: 0.0648 | I2: =(D2-H2)/G2 -> 27.178831 | J2: =(D2-H2)/E2 -> 0.44994078 | K2: =MAX(B2:B741) -> 1104.6 | L2: =B2/K2-1 -> -0.78948602 | M2: =MIN(L2:L740) -> -0.79293593 | N2: =D2/M2 -> -0.81115652 | O2: =(D2-(H2+E2*(Nifty_50!D2-Larsen_and_Toubro!H2))) -> 0.52153253
A3: 45001 | B3: 236.43907 | C3: =(B4-B3)/B3 -> -0.003359412 | K3: =MAX(B3:B742) -> 1104.6 | L3: =B3/K3-1 -> -0.7859505
A4: 45002 | B4: 235.64478 | C4: =(B5-B4)/B4 -> -0.021107521 | K4: =MAX(B4:B743) -> 1104.6 | L4: =B4/K4-1 -> -0.78666958
A5: 45005 | B5: 230.6709 | C5: =(B6-B5)/B5 -> 0.033450797 | K5: =MAX(B5:B744) -> 1104.6 | L5: =B5/K5-1 -> -0.79117246
A6: 45006 | B6: 238.38702 | C6: =(B7-B6)/B6 -> -0.011384355 | K6: =MAX(B6:B745) -> 1104.6 | L6: =B6/K6-1 -> -0.78418701
A7: 45007 | B7: 235.67314 | C7: =(B8-B7)/B7 -> 0.011555593 | K7: =MAX(B7:B746) -> 1104.6 | L7: =B7/K7-1 -> -0.7866439
A8: 45008 | B8: 238.39648 | C8: =(B9-B8)/B8 -> -0.021696923 | K8: =MAX(B8:B747) -> 1104.6 | L8: =B8/K8-1 -> -0.78417845
A9: 45009 | B9: 233.22401 | C9: =(B10-B9)/B9 -> -0.019299268 | K9: =MAX(B9:B748) -> 1104.6 | L9: =B9/K9-1 -> -0.78886111
A10: 45012 | B10: 228.72296 | C10: =(B11-B10)/B10 -> 0.013643003 | K10: =MAX(B10:B749) -> 1104.6 | L10: =B10/K10-1 -> -0.79293593
A11: 45013 | B11: 231.84343 | C11: =(B12-B11)/B11 -> 0.021127358 | K11: =MAX(B11:B750) -> 1104.6 | L11: =B11/K11-1 -> -0.79011096
A12: 45014 | B12: 236.74167 | C12: =(B13-B12)/B12 -> 0.0060713748 | K12: =MAX(B12:B751) -> 1104.6 | L12: =B12/K12-1 -> -0.78567656
A13: 45016 | B13: 238.17902 | C13: =(B14-B13)/B13 -> 0.021478414 | K13: =MAX(B13:B752) -> 1104.6 | L13: =B13/K13-1 -> -0.78437532
A14: 45019 | B14: 243.29472 | C14: =(B15-B14)/B14 -> 0.0020210024 | K14: =MAX(B14:B753) -> 1104.6 | L14: =B14/K14-1 -> -0.77974404
... A740: 46093 | B740: 1031.7 | C740: =(B741-B740)/B740 -> -0.027236577 | K740: =MAX(B740:B1479) -> 1031.7 | L740: =B740/K740-1 -> 0
A741: 46094 | B741: 1003.6 | C741: - | D741: - | E741: - | F741: - | G741: - | H741: - | I741: - | J741: - | K741: - | L741: - | M741: -

Sheet Larsen_and_Toubro
A1: Date | B1: Close | C1: Daily_return | D1: CAGR | E1: Beta | G1: Standev | H1: RF 364D BOND | I1: SHARPE | J1: TREYNOR | K1: PEAK | L1: DRAWDOWN | M1: MAX DRAWDOWN | N1: CALMAR | O1: JENSENS ALPHA
A2: 45000 | B2: 2115.6455 | C2: =(B3-B2)/B2 -> -0.0014012743 | D2: =((B740/B2)^(1/3)-1) -> 0.20692575 | E2: =SLOPE(C2:C739,Nifty_50!C2:C739) -> 1.1258493 | G2: =_xlfn.STDEV.S(C2:C740) -> 0.015381971 | H2: 0.0648 | I2: =(D2-H2)/G2 -> 9.2397619 | J2: =(D2-H2)/E2 -> 0.1262387 | K2: =MAX(B2:B741) -> 4418.1001 | L2: =B2/K2-1 -> -0.52114134 | M2: =MIN(L2:L740) -> -0.53061226 | N2: =D2/M2 -> -0.38997544 | O2: =(D2-(H2+E2*(Nifty_50!D2-Larsen_and_Toubro!H2))) -> 0.092324774
A3: 45001 | B3: 2112.6809 | C3: =(B4-B3)/B3 -> 0.010190395 | K3: =MAX(B3:B742) -> 4418.1001 | L3: =B3/K3-1 -> -0.52181235
A4: 45002 | B4: 2134.21 | C4: =(B5-B4)/B4 -> -0.0082886396 | K4: =MAX(B4:B743) -> 4418.1001 | L4: =B4/K4-1 -> -0.51693943
A5: 45005 | B5: 2116.5203 | C5: =(B6-B5)/B5 -> 0.014190242 | K5: =MAX(B5:B744) -> 4418.1001 | L5: =B5/K5-1 -> -0.52094334
A6: 45006 | B6: 2146.5542 | C6: =(B7-B6)/B6 -> 0.0024903648 | K6: =MAX(B6:B745) -> 4418.1001 | L6: =B6/K6-1 -> -0.51414541
A7: 45007 | B7: 2151.8999 | C7: =(B8-B7)/B7 -> -0.0032972997 | K7: =MAX(B7:B746) -> 4418.1001 | L7: =B7/K7-1 -> -0.51293546
A8: 45008 | B8: 2144.8044 | C8: =(B9-B8)/B8 -> -0.018353536 | K8: =MAX(B8:B747) -> 4418.1001 | L8: =B8/K8-1 -> -0.51454146
A9: 45009 | B9: 2105.4397 | C9: =(B10-B9)/B9 -> -0.0056090755 | K9: =MAX(B9:B748) -> 4418.1001 | L9: =B9/K9-1 -> -0.52345134
A10: 45012 | B10: 2093.6301 | C10: =(B11-B10)/B10 -> -0.0094706915 | K10: =MAX(B10:B749) -> 4418.1001 | L10: =B10/K10-1 -> -0.52612433
A11: 45013 | B11: 2073.802 | C11: =(B12-B11)/B11 -> 0.0064912995 | K11: =MAX(B11:B750) -> 4418.1001 | L11: =B11/K11-1 -> -0.53061226
A12: 45014 | B12: 2087.2637 | C12: =(B13-B12)/B12 -> 0.0077999334 | K12: =MAX(B12:B751) -> 4418.1001 | L12: =B12/K12-1 -> -0.52756533
A13: 45016 | B13: 2103.5442 | C13: =(B14-B13)/B13 -> 0.0027492663 | K13: =MAX(B13:B752) -> 4418.1001 | L13: =B13/K13-1 -> -0.52388037
A14: 45019 | B14: 2109.3274 | C14: =(B15-B14)/B14 -> 0.040366073 | K14: =MAX(B14:B753) -> 4418.1001 | L14: =B14/K14-1 -> -0.52257139
... A740: 46093 | B740: 3719.5 | C740: =(B741-B740)/B740 -> -0.075413362 | K740: =MAX(B740:B1479) -> 3719.5 | L740: =B740/K740-1 -> 0
A741: 46094 | B741: 3439 | C741: - | D741: - | E741: - | F741: - | G741: - | H741: - | I741: - | J741: - | K741: - | L741: - | M741: -

Sheet Nifty_50
A1: Date | B1: Close | C1: Daily_return | D1: CAGR | G1: Standev | H1: RF 364D BOND | I1: SHARPE | J1: PEAK | K1: DRAWDOWN | L1: MAX DD | M1: CALMAR | N1: JENSENS ALPHA
A2: 45000 | B2: 16972.15 | C2: =(B3-B2)/B2 -> 0.00079242868 | D2: =((B740/B2)^(1/3)-1) -> 0.10903414 | G2: =_xlfn.STDEV.S(C2:C739) -> 0.0077052659 | H2: 0.0648 | I2: =(D2-H2)/G2 -> 5.7407681 | J2: =MAX(B2:B740) -> 26328.551 | K2: =B2/J2-1 -> -0.35537088 | L2: =MIN(K2:K740) -> -0.35640017 | M2: =D2/L2 -> -0.3059318 | N2: =(D2-(H2+1*(D2-H2))) -> 0
A3: 45001 | B3: 16985.6 | C3: =(B4-B3)/B3 -> 0.0067381296 | J3: =MAX(B3:B741) -> 26328.551 | K3: =B3/J3-1 -> -0.35486006
A4: 45002 | B4: 17100.051 | C4: =(B5-B4)/B4 -> -0.0065292432 | J4: =MAX(B4:B742) -> 26328.551 | K4: =B4/J4-1 -> -0.35051303
A5: 45005 | B5: 16988.4 | C5: =(B6-B5)/B5 -> 0.0070106429 | J5: =MAX(B5:B743) -> 26328.551 | K5: =B5/J5-1 -> -0.35475368
A6: 45006 | B6: 17107.5 | C6: =(B7-B6)/B6 -> 0.0025953757 | J6: =MAX(B6:B744) -> 26328.551 | K6: =B6/J6-1 -> -0.35023009
A7: 45007 | B7: 17151.9 | C7: =(B8-B7)/B7 -> -0.0043726933 | J7: =MAX(B7:B745) -> 26328.551 | K7: =B7/J7-1 -> -0.3485437
A8: 45008 | B8: 17076.9 | C8: =(B9-B8)/B8 -> -0.0077209333 | J8: =MAX(B8:B746) -> 26328.551 | K8: =B8/J8-1 -> -0.35139231
A9: 45009 | B9: 16945.051 | C9: =(B10-B9)/B9 -> 0.0023988383 | J9: =MAX(B9:B747) -> 26328.551 | K9: =B9/J9-1 -> -0.35640017
A10: 45012 | B10: 16985.699 | C10: =(B11-B10)/B10 -> -0.0020016839 | J10: =MAX(B10:B748) -> 26328.551 | K10: =B10/J10-1 -> -0.35485628
A11: 45013 | B11: 16951.699 | C11: =(B12-B11)/B11 -> 0.0076098566 | J11: =MAX(B11:B749) -> 26328.551 | K11: =B11/J11-1 -> -0.35614765
A12: 45014 | B12: 17080.699 | C12: =(B13-B12)/B12 -> 0.016337199 | J12: =MAX(B12:B750) -> 26328.551 | K12: =B12/J12-1 -> -0.35124803
A13: 45016 | B13: 17359.75 | C13: =(B14-B13)/B13 -> 0.002206298 | J13: =MAX(B13:B751) -> 26328.551 | K13: =B13/J13-1 -> -0.34064924
A14: 45019 | B14: 17398.051 | C14: =(B15-B14)/B14 -> 0.0091389548 | J14: =MAX(B14:B752) -> 26328.551 | K14: =B14/J14-1 -> -0.33919451
... A740: 46094 | B740: 23151.1 | C740: =(B741-B740)/B740 -> -1 | J740: =MAX(B740:B1478) -> 23151.1 | K740: =B740/J740-1 -> 0
C741: - | D741: - | E741: - | F741: - | G741: - | H741: - | I741: - | J741: - | K741: - | L741: - | M741: - | N741: -

Sheet ANALYSIS
B2: Stock | C2: Beta | D2: Standev | E2: CAGR | F2: Sharpe | G2: Treynor | H2: Calmar | I2: Max Draw Down | J2: Jensens
B3: Axis Bank | C3: =Axis_Bank!E2 -> 0.94883537 | D3: =Axis_Bank!G2 -> 0.014043831 | E3: =Axis_Bank!D2 -> 0.14523736 | F3: =Axis_Bank!I2 -> 5.7275938 | G3: =Axis_Bank!J2 -> 0.084774829 | H3: =Axis_Bank!N2 -> -0.35064267 | I3: =Axis_Bank!M2 -> -0.41420332 | J3: =Axis_Bank!O2 -> 0.038466435
B4: Power Grid | C4: =Power_Grid!E2 -> 1.0283187 | D4: =Power_Grid!G2 -> 0.016376486 | E4: =Power_Grid!D2 -> 0.26036065 | F4: =Power_Grid!I2 -> 11.941552 | G4: =Power_Grid!J2 -> 0.19017513 | H4: =Power_Grid!N2 -> -0.45197193 | I4: =Power_Grid!M2 -> -0.57605491 | J4: =Power_Grid!O2 -> 0.15007385
B5: Coal India | C5: =Coal_India!E2 -> 1.0656005 | D5: =Coal_India!G2 -> 0.017107831 | E5: =Coal_India!D2 -> 0.37812203 | F5: =Coal_India!I2 -> 18.314539 | G5: =Coal_India!J2 -> 0.29403331 | H5: =Coal_India!N2 -> -0.58689426 | I5: =Coal_India!M2 -> -0.64427625 | J5: =Coal_India!O2 -> 0.26618611
B6: Cipla | C6: =Cipla!E2 -> 0.46406042 | D6: =Cipla!G2 -> 0.014219372 | E6: =Cipla!D2 -> 0.15727187 | F6: =Cipla!I2 -> 6.5032314 | G6: =Cipla!J2 -> 0.19926687 | H6: =Cipla!N2 -> -0.31738833 | I6: =Cipla!M2 -> -0.49551874 | J6: =Cipla!O2 -> 0.071944552
B7: Shriram Fin | C7: =Shriram_Finance!E2 -> 1.2854917 | D7: =Shriram_Finance!G2 -> 0.02128109 | E7: =Shriram_Finance!D2 -> 0.64319516 | F7: =Shriram_Finance!I2 -> 27.178831 | G7: =Shriram_Finance!J2 -> 0.44994078 | H7: =Shriram_Finance!N2 -> -0.81115652 | I7: =Shriram_Finance!M2 -> -0.79293593 | J7: =Shriram_Finance!O2 -> 0.52153253
B8: L&T | C8: =Larsen_and_Toubro!E2 -> 1.1258493 | D8: =Larsen_and_Toubro!G2 -> 0.015381971 | E8: =Larsen_and_Toubro!D2 -> 0.20692575 | F8: =Larsen_and_Toubro!I2 -> 9.2397619 | G8: =Larsen_and_Toubro!J2 -> 0.1262387 | H8: =Larsen_and_Toubro!N2 -> -0.38997544 | I8: =Larsen_and_Toubro!M2 -> -0.53061226 | J8: =Larsen_and_Toubro!O2 -> 0.092324774
B9: Nifty 50 | C9: 1 | D9: =Nifty_50!G2 -> 0.0077052659 | E9: =Nifty_50!D2 -> 0.10903414 | F9: =Nifty_50!I2 -> 5.7407681 | G9: 1 | H9: =Nifty_50!M2 -> -0.3059318 | I9: =Larsen_and_Toubro!M2 -> -0.53061226 | J9: =Nifty_50!N2 -> 0

Sheet CODE

Sheet SORTINO
